pno_type_id,species,fao_areas,cgpm_areas,gears,flag_states,minimum_quantity_kg,facades,vessel_department_codes,min_vessel_length,max_vessel_length,min_trip_duration_hours,max_trip_duration_hours,has_catches_on_board
1,[],[],[],[],[],0,[],[],12.0,,,,False
2,[],[],[],[],[],0,['MEMN'],[],12.0,,96.0,,True
3,[],[],[],[],[],0,['MEMN'],[],12.0,,,96.0,True
4,[],[],[],[],[],0,['NAMO'],[],12.0,,96.0,,True
5,[],[],[],[],[],0,['NAMO'],[],12.0,,24.0,96.0,True
6,[],[],[],[],[],0,['NAMO'],[],12.0,,,24.0,True
7,['SCE'],[],[],[],[],0,['NAMO'],"['22', '29', '35']",12.0,,,,True
8,[],[],[],[],[],0,['SA'],[],12.0,,96.0,,True
9,[],[],[],[],[],0,['SA'],[],12.0,,24.0,96.0,True
10,[],[],[],[],[],0,['SA'],[],12.0,,,24.0,True
11,[],[],[],[],[],0,['MED'],[],12.0,,24.0,,True
12,[],[],[],[],[],0,['MED'],[],12.0,,,24.0,True
13,[],[],[],[],[],0,['Corse'],[],12.0,,,,True
14,['BFT'],"['27', '37']",[],[],[],0,[],[],,,,,
15,['ANE'],"['27.7.e', '27.7.h', '27.8']",[],[],[],1000,[],[],,,,,
16,['SWO'],['37'],[],[],[],0,[],[],,12.0,,,
17,['COL'],['37'],[],[],[],0,[],[],,12.0,,,
18,"['PZC', 'ALC', 'PHO', 'ANT', 'BSF', 'API', 'ARU', 'ALF', 'TVY', 'CWO', 'CFB', 'CYO', 'CYP', 'KEF', 'CMO', 'HXC', 'RNG', 'SCK', 'DCA', 'EPI', 'ETR', 'ETX', 'SHO', 'GAM', 'BRF', 'SBL', 'ORY', 'HPR', 'CYH', 'SFS', 'LKK', 'RTX', 'RHG', 'BLI', 'RIB', 'NNN', 'OXN', 'SBR', 'WRF', 'RJY', 'RJG', 'JAD', 'GHL', 'RCT', 'SYR', 'SFV', 'GSK', 'NEN', 'TJX']","['27.5.b', '27.6', '27.7', '27.8', '27.9', '27.10', '4.1.1', '34.1.2', '34.2']",[],[],[],100,[],[],,,,,
19,[],[],[],[],"['ABW', 'AFG', 'AGO', 'AIA', 'ALA', 'ALB', 'AND', 'ARE', 'ARG', 'ARM', 'ASM', 'ATA', 'ATF', 'ATG', 'AUS', 'AZE', 'BDI', 'BEN', 'BES', 'BFA', 'BGD', 'BHR', 'BHS', 'BIH', 'BLM', 'BLR', 'BLZ', 'BMU', 'BOL', 'BRA', 'BRB', 'BRN', 'BTN', 'BVT', 'BWA', 'CAF', 'CAN', 'CCK', 'CHE', 'CHL', 'CHN', 'CIV', 'CMR', 'COD', 'COG', 'COK', 'COL', 'COM', 'CPV', 'CRI', 'CUB', 'CUW', 'CXR', 'CYM', 'DJI', 'DMA', 'DOM', 'DZA', 'ECU', 'EGY', 'ERI', 'ESH', 'ETH', 'FJI', 'FLK', 'FRO', 'FSM', 'GAB', 'GBR', 'GEO', 'GGY', 'GHA', 'GIB', 'GIN', 'GLP', 'GMB', 'GNB', 'GNQ', 'GRD', 'GRL', 'GTM', 'GUM', 'GUY', 'HKG', 'HMD', 'HND', 'HTI', 'IDN', 'IMN', 'IND', 'IOT', 'IRN', 'IRQ', 'ISL', 'ISR', 'JAM', 'JEY', 'JOR', 'JPN', 'KAZ', 'KEN', 'KGZ', 'KHM', 'KIR', 'KNA', 'KOR', 'KWT', 'LAO', 'LBN', 'LBR', 'LBY', 'LCA', 'LIE', 'LKA', 'LSO', 'MAC', 'MAF', 'MAR', 'MCO', 'MDA', 'MDG', 'MDV', 'MEX', 'MHL', 'MKD', 'MLI', 'MMR', 'MNE', 'MNG', 'MNP', 'MOZ', 'MRT', 'MSR', 'MTQ', 'MUS', 'MWI', 'MYS', 'MYT', 'NAM', 'NCL', 'NER', 'NFK', 'NGA', 'NIC', 'NIU', 'NOR', 'NPL', 'NRU', 'NZL', 'OMN', 'PAK', 'PAN', 'PCN', 'PER', 'PHL', 'PLW', 'PNG', 'PRI', 'PRK', 'PRY', 'PSE', 'PYF', 'QAT', 'RUS', 'RWA', 'SAU', 'SDN', 'SEN', 'SGP', 'SGS', 'SHN', 'SJM', 'SLB', 'SLE', 'SLV', 'SMR', 'SOM', 'SPM', 'SRB', 'SSD', 'STP', 'SUR', 'SWZ', 'SXM', 'SYC', 'SYR', 'TCA', 'TCD', 'TGO', 'THA', 'TJK', 'TKL', 'TKM', 'TLS', 'TON', 'TTO', 'TUN', 'TUR', 'TUV', 'TWN', 'TZA', 'UGA', 'UKR', 'UMI', 'URY', 'USA', 'UZB', 'VAT', 'VCT', 'VEN', 'VGB', 'VIR', 'VNM', 'VUT', 'WLF', 'WSM', 'YEM', 'ZAF', 'ZMB', 'ZWE']",0,[],[],,,,,
20,[],[],[],[],"['AUT', 'BEL', 'BGR', 'HRV', 'CYP', 'CZE', 'DNK', 'EST', 'FIN', 'DEU', 'GRC', 'HUN', 'IRL', 'ITA', 'LVA', 'LTU', 'LUX', 'MLT', 'NLD', 'POL', 'PRT', 'ROU', 'SVK', 'SVN', 'ESP', 'SWE']",0,[],[],,,,,
